Batch Year,Level,Name (as in NOAH),Camp Attendance,Overall Attendance,"11 Jan 2020
Cluster","18 Jan 2020
Service","1 Feb 2020
CG","8 Feb 2020
Service","15 Feb 2020
CG","22 Feb 2020
Service","29 Feb 2020
CG","7 Mar 2020
Service","14 Mar 2020
CG","28 Mar 2020
CG 2.42","4 Apr 2020
CG 2.42","10 Apr 2020
Good Friday XP","18 Apr 2020
Cluster 2.42","2 May 2020
CG 2.42","9 May 2020
CG","16 May 2020
CG 2.42","6 Jun 2020
CG 2.42","13 Jun 2020
CG","20 Jun 2020
CG 2.42","27 Jun 2020
Online Grad","4 Jul 2020
Service","11 Jul 2020
CG","18 Jul 2020
Service","1 Aug 2020
CG","8 Aug 2020
Service","15 Aug 2020
CG","22 Aug 2020
Service","29 Aug 2020
Cluster","5 Sep 2020
Zone X","12 Sep 2020
CG","19 Sep 2020
Service","26 Sep 2020
CG","3 Oct 2020
Service","10 Oct 2020
CG","17 Oct 2020
Service","24 Oct 2020
Cluster","7 Nov 2020
Service","14 Nov 2020
CG","21 Nov 2020
Service","28 Nov 2020
CG","5 Dec 2020
CG","12 Dec 2020
Service","19 Dec 2020
Christmas"
2019,J1,JH,3%,9%,,1,,,,,,1,,,,,,,,,,,,,,,,,,,,,,,,,,,,,,,,,,,
2020,J1,ES,56%,91%,,,,1,1,1,1,1,,1,1,1,1,1,1,1,1,1,1,1,1,1,1,1,1,,,,,,,,,,,,,,,,,,
2019,J1,JOS K,17%,30%,,1,,1,1,1,1,1,,,,,,,,,,1,,,,,,,,,,,,,,,,,,,,,,,,,
2020,J1,JOD,17%,26%,,,,1,1,1,,1,,,,,,,,,,1,1,,,,,,,,,,,,,,,,,,,,,,,,
2020,J1,JER,44%,74%,,,,1,1,1,1,1,1,,,1,,1,1,,1,,1,1,1,1,1,1,1,,,,,,,,,,,,,,,,,,
2019,J2,ANT,50%,91%,,1,1,1,1,1,1,1,,1,1,1,1,1,,1,1,1,1,1,1,1,,1,1,,,,,,,,,,,,,,,,,,
2019,J2,RAC,58%,104%,,1,1,1,1,1,1,1,1,1,1,1,1,1,1,1,1,1,1,1,1,1,1,1,1,,,,,,,,,,,,,,,,,,
2018,J3,JOC,,39%,,,,,,,,,1,1,1,1,,1,,1,1,1,,1,,,,,,,,,,,,,,,,,,,,,,,
2018,J3,NAT,,4%,,,,,,,,1,,,,,,,,,,,,,,,,,,,,,,,,,,,,,,,,,,,
2018,J3,CAS,,0%,,,,,,,,,,,,,,,,,,,,,,,,,,,,,,,,,,,,,,,,,,,
2018,NS1,ZEND,17%,39%,1,1,1,1,,,1,1,,,1,,,1,,,,,,,,1,,,,,,,,,,,,,,,,,,,,,
2017,J4,MICH,,78%,1,1,1,1,1,1,1,1,1,1,1,1,1,1,1,1,,1,,1,,,,,,,,,,,,,,,,,,,,,,,
2017,NS2,BEB,50%,96%,1,1,1,1,,1,1,1,1,1,1,1,,1,1,1,1,1,1,1,1,1,1,,1,,,,,,,,,,,,,,,,,,
2016,NS3,DREW,,83%,1,1,1,1,1,1,1,1,,1,1,1,1,1,1,1,1,1,1,1,,,,,,,,,,,,,,,,,,,,,,,
2015,NS3,JIAN H,,87%,1,1,1,1,1,1,1,1,1,1,1,1,1,1,1,1,1,1,1,1,,,,,,,,,,,,,,,,,,,,,,,